{
  "version": "1.2.0",
  "description": "SafeRoute Offline Risk Predictor \u2014 INT8 Logistic Regression",
  "features": [
    "hour_sin",
    "hour_cos",
    "is_weekend",
    "lighting",
    "road_type",
    "crowd",
    "crime",
    "severity"
  ],
  "weights_int8": [
    48,
    127,
    1,
    -61,
    1,
    5,
    62,
    32
  ],
  "weight_scale": 0.018973196022176626,
  "bias": -0.5209521617090475,
  "means": [
    -0.00019372008452690003,
    0.00039286396561904314,
    0.3054,
    0.5003664537571111,
    0.4986859999999917,
    0.49897376581450154,
    0.5034438527789643,
    0.603730249032763
  ],
  "stds": [
    0.7073964730571293,
    0.7068168348566463,
    0.46057663857386216,
    0.29066305342475046,
    0.3703672952678225,
    0.28529982225463163,
    0.28884194519245493,
    0.2314849852331746
  ],
  "threshold": 0.45,
  "categories": {
    "safe": [
      0,
      0.3
    ],
    "moderate": [
      0.3,
      0.65
    ],
    "risky": [
      0.65,
      1.0
    ]
  }
}